StudentID,Name,Math,Science,English,Average
1,Alice,85,78,92,85.0
2,Bob,90,0,88,59.333333333333336
3,Charlie,70,65,72,69.0
4,David,0,80,85,55.0
5,Eve,88,85,0,57.666666666666664
